walkID,subject_id,UPDRS__gait,split
vid0091_0087,9,1,train
vid0079_0066,3,1,test
vid0092_0090,10,3,train
vid0083_0071,4,0,train
vid0139_0173,36,0,train
vid0107_0113,18,0,test
vid0107_0114,18,1,test
vid0111_0122,22,3,train
vid0139_0174,36,0,train
vid0132_0160,30,1,train
vid0078_0064b,2,3,test
vid0091_0088,9,1,train
vid0132_0159,30,1,train
vid0073_0152,0,1,train
vid0106_0112,17,0,train
vid0138_0172,35,2,test
vid0133_0161,31,1,train
vid0090_0086,8,2,train
vid0077_0062b,1,1,test
vid0101_0101,12,0,train
vid0117_0130,24,0,train
vid0143_0180,39,2,test
vid0077_0061b,1,1,test
vid0118_0132,25,1,train
vid0105_0110,16,1,train
vid0113_0126,23,0,train
vid0109_0118,20,1,train
vid0089_0083,7,1,train
vid0089_0084,7,0,train
vid0077_0062,1,1,test
vid0085_0076,6,3,test
vid0102_0103,13,1,train
vid0102_0104,13,1,train
vid0137_0170,34,1,train
vid0109_0117,20,1,train
vid0119_0134,26,1,train
vid0119_0133,26,1,train
vid0141_0176,37,0,train
vid0078_0063b,2,3,test
vid0103_0105,14,2,train
vid0135_0166,32,2,train
vid0108_0116,19,3,train
vid0150_0191,41,1,train
vid0149_0189,40,0,train
vid0099_0097,11,1,train
vid0111_0121,22,3,train
vid0104_0107,15,2,train
vid0136_0168,33,1,test
vid0079_0065,3,1,test
vid0149_0190,40,0,train
vid0142_0177,38,1,train
vid0083_0072,4,1,train
vid0136_0167,33,0,test
vid0104_0108,15,1,train
vid0142_0178,38,2,train
vid0078_0063,2,3,test
vid0078_0064,2,3,test
vid0090_0085,8,2,train
vid0079_0065b,3,1,test
vid0110_0120,21,1,train
vid0137_0169,34,1,train
vid0106_0111,17,0,train
vid0138_0171,35,1,test
vid0133_0162,31,1,train
vid0143_0179,39,1,test
vid0079_0066b,3,1,test
vid0105_0109,16,0,train
vid0110_0119,21,1,train
vid0129_0153,27,1,train
vid0129_0154,27,2,train
vid0101_0102,12,0,train
vid0118_0131,25,1,train
vid0117_0129,24,0,train
vid0130_0156,28,0,train
vid0113_0125,23,0,train
vid0151_0193,42,1,train
vid0073_0055,0,0,train
vid0151_0194,42,2,train
vid0077_0061,1,1,test
vid0085_0075,6,2,test
vid0141_0175,37,0,train
vid0131_0157,29,0,test
vid0150_0192,41,2,train
vid0084_0074,5,1,train
vid0092_0089,10,2,train
vid0084_0073,5,1,train
vid0103_0106,14,2,train
vid0135_0165,32,0,train
vid0108_0115,19,3,train
vid0131_0158,29,0,test
